,tv_spend,digital_spend,radio_spend,sales
tv_spend,1.0,0.09121427404722073,-0.01872379388241913,0.5301781368440454
digital_spend,0.09121427404722073,1.0,-0.08195149088004887,0.4889226771458702
radio_spend,-0.01872379388241913,-0.08195149088004887,1.0,0.017160097158454693
sales,0.5301781368440454,0.4889226771458702,0.017160097158454693,1.0
