,tv_spend,digital_spend,radio_spend,sales
tv_spend,1.0,0.09121427404722077,-0.018723793882419085,0.5301781368440451
digital_spend,0.09121427404722077,1.0,-0.0819514908800488,0.4889226771458705
radio_spend,-0.018723793882419085,-0.0819514908800488,1.0,0.017160097158454863
sales,0.5301781368440451,0.4889226771458705,0.017160097158454863,1.0
